ProductName;SpendEUR;Quantity;VendorId;VendorName;VendorCity;VendorCountry;CategoryL1;CategoryL2;total_CO2_for_purchase
METAL LATCH BAXWYW.;17439.197729;158412.73906999186;36;Crown Commercial Polska Sp.z.o.o.;Goleniow;PL;Packaging;Metal;90072.1724435955
BEEF CUTTER RYRSGC.;133235.62075399995;701.2401091096298;34 & 49;OSI Food Solutions Austria GmbH & Co KG & Norbert Marcher GmbH Betriebstaette;Enns & Graz;AT;Raw Materials;Meat;580372.6300928962
SELF-ADHESIVE LABELS GHAIPL;7157.843024;80117.33831929928;27;MARZEK ETIKETTEN GMBH.;TRAISKIRCHEN;AT;Packaging;Label adhesive;3054.7865871788003
LETTERING EUUBEE;25343.79196;2597443.041660695;6;ZIMMERMANN Druck KG;GLEISDORF;AT;Packaging;Paper & Carton;218083.9332511875
PRESERVED VEGETABLES EJLZRO.;13352.181701;116534.10115165064;46;Mamminger Konserven GmbH;Mamming;DE;Raw Materials;Fruit. Berry & Vegetable;5362.727297171861
PLASTIC BOTTLES KUXPVA.;4534.066787999999;47382.17565166411;11;Greiner Packaging Wartberg;Wartberg an der Krems;AT;Raw Materials;Flour & Grain;1957.0883817505003
LABEL DGGNUY.;498.308026;36495.050205889725;6;ZIMMERMANN Druck KG;GLEISDORF;AT;Packaging;Paper & Carton;4287.952428438219
LABEL ZSTAXO.;706.32978;65871.73604427122;6;ZIMMERMANN Druck KG;GLEISDORF;AT;Packaging;Paper & Carton;6077.984574603727
BARREL UWLJRG.;439179.18703499984;49802.0806761555;8;Ardagh Metal Beverage Manufactur Austria;Enzesfeld-Lindabrunn;AT;Packaging;Barrels;242956.47297692552
LABEL DZTFUH.;434.72450999999995;41721.871162535295;6;ZIMMERMANN Druck KG;GLEISDORF;AT;Packaging;Paper & Carton;3740.814759335453
PLASTIC BOTTLES GZYEEKY.;84762.394968;707555.0172222779;11;Greiner Packaging Wartberg;Wartberg an der Krems;AT;Packaging;Plastic;143607.31247356455
LABEL NDXDEH.;12089.698493000002;862579.7892903616;6;ZIMMERMANN Druck KG;GLEISDORF;AT;Packaging;Paper & Carton;104032.14338784348
LABEL EKUIRV.;826.9237810000002;84444.7290407006;27;MARZEK ETIKETTEN GMBH.;TRAISKIRCHEN;AT;Packaging;Label adhesive;352.91018067148667
LABEL WNXPFU.;3114.72006;283676.4530396151;6;ZIMMERMANN Druck KG;GLEISDORF;AT;Packaging;Paper & Carton;26802.240277747875
METAL // PCNMOF;2638.074394;30045.882331042216;36;Crown Commercial Polska Sp.z.o.o.;Goleniow;PL;Packaging;Metal;13625.460037090088
LABEL KHWYNV.;737.29782;54583.300869950166;6;ZIMMERMANN Druck KG;GLEISDORF;AT;Packaging;Paper & Carton;6344.465296152394
LABEL KFNNGQ.;499.06815;43675.65372523773;6;ZIMMERMANN Druck KG;GLEISDORF;AT;Packaging;Paper & Carton;4294.493313556763
LABEL WAOFNA.;2991.277634;222130.0706278447;27;MARZEK ETIKETTEN GMBH.;TRAISKIRCHEN;AT;Packaging;Label adhesive;1276.6017310288441
LABEL WSMBOO.;3589.366041;298307.1608360691;6;ZIMMERMANN Druck KG;GLEISDORF;AT;Packaging;Paper & Carton;30886.580245568086
LABEL OPRUZN.;8716.375881;624939.7182379997;6;ZIMMERMANN Druck KG;GLEISDORF;AT;Packaging;Paper & Carton;75004.62199281188
SELF-ADHESIVE LABELS XXDOPT;16430.700441;188447.68485403614;27;MARZEK ETIKETTEN GMBH.;TRAISKIRCHEN;AT;Packaging;Label adhesive;7012.207889559273
SELF-ADHESIVE LABELS EYRXXR;2157.5500039999997;24785.189823436718;27;MARZEK ETIKETTEN GMBH.;TRAISKIRCHEN;AT;Packaging;Label adhesive;920.78783947732
KEGS OTBDGO.;15196.224702000001;74231.13796320978;8;Ardagh Metal Beverage Manufactur Austria;Enzesfeld-Lindabrunn;AT;Packaging;Kegs;16880.940947059124
LABEL GGPPDA.;1146.909192;77288.47975229715;6;ZIMMERMANN Druck KG;GLEISDORF;AT;Packaging;Paper & Carton;9869.180905054329
ALUMINUM ADVTTQ.;5822.966987;1848.877325156374;36;Crown Commercial Polska Sp.z.o.o.;Goleniow;PL;Packaging;Metal;30075.195816734566
PLASTIC BOTTLES GSZIJU.;8881.44401;95426.643706637;22;RPC Containers Limited;Halstead Essex;GB;Packaging;Plastic;15047.242419731652
LABEL FQPWPA.;1241.05674;108165.09012810182;6;ZIMMERMANN Druck KG;GLEISDORF;AT;Packaging;Paper & Carton;10679.322797246336
GLASS JAR ADKHHO.;26171.215764;151086.26205569867;32;VETROPACK AUSTRIA GMBH;POECHLARN;AT;Packaging;Glass;24718.010207430318
PLASTIC BOTTLES KFOWQY.;338488.26620900014;3881742.378954663;22;RPC Containers Limited;Halstead Essex;GB;Packaging;Plastic;573478.2533275788
SELF-ADHESIVE LABELS VVWHCU;373.40131300000013;3849.721950114179;27;MARZEK ETIKETTEN GMBH.;TRAISKIRCHEN;AT;Packaging;Label adhesive;159.3582478356616
LABEL SHYCVD.;336.201376;23183.411281700195;6;ZIMMERMANN Druck KG;GLEISDORF;AT;Packaging;Paper & Carton;2893.0208454307954
LABEL BXEEMEE.;1181.4972;77848.09671930202;6;ZIMMERMANN Druck KG;GLEISDORF;AT;Packaging;Paper & Carton;10166.81153743439
LABEL YGOTHU.;5629.422486;649325.6286288819;6;ZIMMERMANN Druck KG;GLEISDORF;AT;Packaging;Paper & Carton;48441.31452851297
LABEL JFLOU.;517.4114400000001;36566.966626384834;6;ZIMMERMANN Druck KG;GLEISDORF;AT;Packaging;Paper & Carton;4452.3377607602815
MEAT / / IVDWQV;7499.0118569999995;777.092283338;34 & 49;OSI Food Solutions Austria GmbH & Co KG & Norbert Marcher GmbH Betriebstaette;Enns & Graz;AT;Raw Materials;Meat;32665.598057899566
LABEL EAPRCI.;2213.04426;273976.8268886621;6;ZIMMERMANN Druck KG;GLEISDORF;AT;Packaging;Paper & Carton;19043.298549857718
LABEL XBHHER.;3683.69782;276297.51095235435;27;MARZEK ETIKETTEN GMBH.;TRAISKIRCHEN;AT;Packaging;Label adhesive;1572.1091750720386
SELF-ADHESIVE LABELS QUAAGD;3821.035825;36759.05460851813;27;MARZEK ETIKETTEN GMBH.;TRAISKIRCHEN;AT;Packaging;Label adhesive;1630.7215662878277
LABEL PQNDHQ.;3159.1862170000004;253745.45039832612;6;ZIMMERMANN Druck KG;GLEISDORF;AT;Packaging;Paper & Carton;27184.872617471552
SELF-ADHESIVE LABELS COQZCT;4523.671931;44144.7662560788;27;MARZEK ETIKETTEN GMBH.;TRAISKIRCHEN;AT;Packaging;Label adhesive;1930.5889069209663
FROZEN FRUIT LEDED.;951.22464;951.22464;9;GETRA Logistics Austria GmbH & Co. KG;Salzburg;AT;Raw Materials;Fruit. Berry & Vegetable;382.04680380348856
PLASTIC BOTTLES SLVMYX.;22800.141982;190198.27445370585;11;Greiner Packaging Wartberg;Wartberg an der Krems;AT;Packaging;Plastic;38628.7706392302
LABEL SHMMGL.;40.797916;4449.08945611265;27;MARZEK ETIKETTEN GMBH.;TRAISKIRCHEN;AT;Packaging;Label adhesive;17.411519945851133
LABEL AORWDQ.;2911.040385;189891.64419828745;27;MARZEK ETIKETTEN GMBH.;TRAISKIRCHEN;AT;Packaging;Label adhesive;1242.3585000421506
LABEL GVLNEI.;987.2376;78255.77133699716;6;ZIMMERMANN Druck KG;GLEISDORF;AT;Packaging;Paper & Carton;8495.203054115607
CUCUMBER OLRBPV.;127.89737;91.35526429;54;WVT Fass GmbH.;Rohrbach;AT;Raw Materials;Fruit. Berry & Vegetable;51.368288171521904
LABEL ITIOWY.;1982.867968;164753.59350250012;6;ZIMMERMANN Druck KG;GLEISDORF;AT;Packaging;Paper & Carton;17062.62607670292
LABEL YRVUIW.;1409.3380869999999;97054.60376596836;27;MARZEK ETIKETTEN GMBH.;TRAISKIRCHEN;AT;Packaging;Label adhesive;601.4698940075315
RICE XMTGCA.;87632.89038500004;123828.0471832;18;MASSBERG Karl W.K. GmbH.& Co KG;Hamburg;DE;Raw Materials;Fruit. Berry & Vegetable;35196.59213164487
PRESERVED VEGETABLES HDWLAD.;27955.44428;227358.94970175094;46;Mamminger Konserven GmbH;Mamming;DE;Raw Materials;Fruit. Berry & Vegetable;11227.934692777215
LABEL QJHXTF.;776.422504;58527.40105986838;6;ZIMMERMANN Druck KG;GLEISDORF;AT;Packaging;Paper & Carton;6681.134133530659
LABEL CJNXPF.;2694.9447760000007;279150.63753618306;6;ZIMMERMANN Druck KG;GLEISDORF;AT;Packaging;Paper & Carton;23190.06396408332
LABEL HKJUKV.;646.16948;72406.09965321611;6;ZIMMERMANN Druck KG;GLEISDORF;AT;Packaging;Paper & Carton;5560.303760687694
RAPE SEED OIL BCFGRJ;585556.0050360003;956277.350263;2;Bunge Austria GmbH;BRUCK/LEITHA;AT;Raw Materials;Fats & Oils;1045410.3879041218
LABEL XZPUKC.;4268.512819;275022.02648420684;6;ZIMMERMANN Druck KG;GLEISDORF;AT;Packaging;Paper & Carton;36730.65444073485
LABEL KTAZWR.;3346.0906079999995;357203.3564129203;27;MARZEK ETIKETTEN GMBH.;TRAISKIRCHEN;AT;Packaging;Label adhesive;1428.0269453424319
LABEL CJVAHC.;4319.444964;459365.85945253493;6;ZIMMERMANN Druck KG;GLEISDORF;AT;Packaging;Paper & Carton;37168.92676115363
LABEL LVIUZU.;3401.25012;234938.3365967057;6;ZIMMERMANN Druck KG;GLEISDORF;AT;Packaging;Paper & Carton;29267.838266325223
WAREHOUSE CONSUMERS YQDAQF;113322.965335;168523.31846499987;5 & 41;CORETH Kunststoffverarb. GmbH & HNAT GmbH;UNTERWALTERSDORF & Himberg;AT;Packaging;Plastic;191995.59544581216
LABEL ZAUQQF.;299.02664300000004;35029.48836124757;27;MARZEK ETIKETTEN GMBH.;TRAISKIRCHEN;AT;Packaging;Label adhesive;127.6170174705837
GLASS JAR DVVOZY.;7210.297006000001;41624.99873192978;32;VETROPACK AUSTRIA GMBH;POECHLARN;AT;Packaging;Glass;6809.931819754045
LABEL KLHDWU.;844.4146;59186.803800449256;6;ZIMMERMANN Druck KG;GLEISDORF;AT;Packaging;Paper & Carton;7266.207738501662
ALUMINUM PPAFYG.;7486.429;2377.05088368485;36;Crown Commercial Polska Sp.z.o.o.;Goleniow;PL;Packaging;Metal;38666.85465429384
SPICES YWHSKG.;114.044851;151.2390789;49;Norbert Marcher GmbH Betriebstaette;Graz;AT;Raw Materials;Seasoning & Additives;75.00889637237326
LABEL BHPTGI.;810.92112;77479.83701764546;6;ZIMMERMANN Druck KG;GLEISDORF;AT;Packaging;Paper & Carton;6977.995545622298
SLICED BEEF VGJAJI.;93996.205579;152962.27464000002;20 & 49;GRANDITS GmbH. & Norbert Marcher GmbH Betriebstaette;KIRCHSCHLAG & Graz;AT;Raw Materials;Meat;409446.2482473857
GLASS VESSEL GXVUDH.;24489.931926;155518.2432801543;32;VETROPACK AUSTRIA GMBH;POECHLARN;AT;Packaging;Glass;23130.082789612876
LABEL JYGDRK;477.970929;35776.95918140471;6;ZIMMERMANN Druck KG;GLEISDORF;AT;Packaging;Paper & Carton;4112.95122452718
PRESERVED VEGETABLE NNMASE;84927.82451199999;831154.9192179721;46;Mamminger Konserven GmbH;Mamming;DE;Raw Materials;Fruit. Berry & Vegetable;34110.1381780787
LABEL ZFSGBD.;101.77792600000001;9358.60790445636;27;MARZEK ETIKETTEN GMBH.;TRAISKIRCHEN;AT;Packaging;Label adhesive;43.436247787665444
LABEL SGSGRK.;605.262492;47021.148172969464;27;MARZEK ETIKETTEN GMBH.;TRAISKIRCHEN;AT;Packaging;Label adhesive;258.31074194901424
TOMATO WUHACD.;2029.308217;;9;GETRA Logistics Austria GmbH & Co. KG;Salzburg;AT;Raw Materials;Fruit. Berry & Vegetable;815.0448228895817
LABEL MSTXTP.;1180.2383539999998;135253.89751007888;6;ZIMMERMANN Druck KG;GLEISDORF;AT;Packaging;Paper & Carton;10155.97913763128
PROCESSED PORK NIPXEY.;9862.564998;13269.191920000001;34;OSI Food Solutions Austria GmbH & Co KG;Enns;AT;Raw Materials;Meat;42961.20478111374
LABEL BVMMKT.;797.8110810000002;58014.12165381019;6;ZIMMERMANN Druck KG;GLEISDORF;AT;Packaging;Paper & Carton;6865.183347877426
WAREHOUSE CONSUMERS VWIQES.;14819.054185;25192.44195;41;HNAT GmbH;Himberg;AT;Packaging;Plastic;25106.94212582599
BEAN GFEZYE.;105644.14269599998;3354.35629926705;46;Mamminger Konserven GmbH;Mamming;DE;Raw Materials;Fruit. Berry & Vegetable;42430.57355785743
LABEL NBYYLJ.;3306.262509;241695.626707991;27;MARZEK ETIKETTEN GMBH.;TRAISKIRCHEN;AT;Packaging;Label adhesive;1411.0293187934724
PLASTIC BOTTLES LCOFWJ.;8865.240173;80419.32786505212;22;RPC Containers Limited;Halstead Essex;GB;Packaging;Plastic;15019.78933178849
LABEL GETSDG.;3118.899598;318218.2017111469;6;ZIMMERMANN Druck KG;GLEISDORF;AT;Packaging;Paper & Carton;26838.205301752627
LABEL NLJMRF.;551.9250599999999;64262.265142422264;6;ZIMMERMANN Druck KG;GLEISDORF;AT;Packaging;Paper & Carton;4749.328282629165
LABEL THGGLOI.;3679.509172;330102.55944914866;6;ZIMMERMANN Druck KG;GLEISDORF;AT;Packaging;Paper & Carton;31662.264034129967
LABEL WAVGKR.;357.360454;28694.79152844853;27;MARZEK ETIKETTEN GMBH.;TRAISKIRCHEN;AT;Packaging;Label adhesive;152.51241442527152
PLASTIC BOTTLES ATABBI.;117301.539032;1123432.456408948;22;RPC Containers Limited;Halstead Essex;GB;Packaging;Plastic;198736.22938282968
LABEL CWOKXO.;1147.564629;119940.449538314;27;MARZEK ETIKETTEN GMBH.;TRAISKIRCHEN;AT;Packaging;Label adhesive;489.751594836039
SELF-ADHESIVE LABELS SJGFGM;30132.160443;355935.0122974109;27;MARZEK ETIKETTEN GMBH.;TRAISKIRCHEN;AT;Packaging;Label adhesive;12859.64490355049
METAL CLOSURE DUHKWL.;5802.835217;51871.929939920985;36;Crown Commercial Polska Sp.z.o.o.;Goleniow;PL;Packaging;Metal;29971.21670673116
SELF-ADHESIVE LABELS JXJBSN;20042.034355;203242.0638214181;27;MARZEK ETIKETTEN GMBH.;TRAISKIRCHEN;AT;Packaging;Label adhesive;8553.433977547189
SELF-ADHESIVE LABELS UXKAOP;938.1874699999997;9847.196690515637;27;MARZEK ETIKETTEN GMBH.;TRAISKIRCHEN;AT;Packaging;Label adhesive;400.3947124861134
LABEL JOFEOW.;400.16245299999997;46189.47318077021;27;MARZEK ETIKETTEN GMBH.;TRAISKIRCHEN;AT;Packaging;Label adhesive;170.7792263700483
CORN JIBUSG.;363710.088;1539777.0839038566;19;GLOBUS Konserven- u. Tiefk.prod. Gm;WIEN;AT;Raw Materials;Fruit. Berry & Vegetable;146079.34949149925
FASSS IFJNIW.;612484.4840440003;194472.7966045221;8;Ardagh Metal Beverage Manufactur Austria;Enzesfeld-Lindabrunn;AT;Packaging;Barrels;338829.9682438351
PORK SLICED VMZKZY.;49714.72581999999;73752.47759678999;49;Norbert Marcher GmbH Betriebstaette;Graz;AT;Raw Materials;Meat;216556.69869076207
LABEL HNJQWS.;78.35973100000001;7310.837201528431;27;MARZEK ETIKETTEN GMBH.;TRAISKIRCHEN;AT;Packaging;Label adhesive;33.44195373258843
LABEL KGSBUB.;993.5597019999999;110762.1696468206;6;ZIMMERMANN Druck KG;GLEISDORF;AT;Packaging;Paper & Carton;8549.60489235478
LABEL UVSSFD.;524.849985;50942.22708575008;27;MARZEK ETIKETTEN GMBH.;TRAISKIRCHEN;AT;Packaging;Label adhesive;223.99271527514213
PLASTIC BOTTLES PILCDX.;15180.935799;148751.02283468738;11;Greiner Packaging Wartberg;Wartberg an der Krems;AT;Raw Materials;Flour & Grain;6552.711829246913
TOMATO QONMVY.;688.468456;;9;GETRA Logistics Austria GmbH & Co. KG;Salzburg;AT;Raw Materials;Fruit. Berry & Vegetable;276.5142554910296
LABEL CSXNKK.;1979.33785;156993.64846631436;27;MARZEK ETIKETTEN GMBH.;TRAISKIRCHEN;AT;Packaging;Label adhesive;844.7313939970143
LABEL GRVNUV.;1839.065155;185172.64700302892;27;MARZEK ETIKETTEN GMBH.;TRAISKIRCHEN;AT;Packaging;Label adhesive;784.8665512229179
LABEL SFIZPO.;5343.003729;606887.6749950855;6;ZIMMERMANN Druck KG;GLEISDORF;AT;Packaging;Paper & Carton;45976.67430490074
LABEL JKVDBK.;1083.11301;88988.36346629063;6;ZIMMERMANN Druck KG;GLEISDORF;AT;Packaging;Paper & Carton;9320.213239957988
LABEL NBJXLY.;477.984988;49704.94881887166;6;ZIMMERMANN Druck KG;GLEISDORF;AT;Packaging;Paper & Carton;4113.072202556924
LABEL KENXCQ.;1694.653147;142654.09150694445;6;ZIMMERMANN Druck KG;GLEISDORF;AT;Packaging;Paper & Carton;14582.530679606434
LABEL QZNHLU.;938.860534;67517.42095252009;27;MARZEK ETIKETTEN GMBH.;TRAISKIRCHEN;AT;Packaging;Label adhesive;400.68195919893174
FASSS OVWVNH.;582439.9144980005;176126.86249406094;8;Ardagh Metal Beverage Manufactur Austria;Enzesfeld-Lindabrunn;AT;Packaging;Barrels;322209.13814875064
LABEL BZRDGF.;534.97224;66917.57291076939;27;MARZEK ETIKETTEN GMBH.;TRAISKIRCHEN;AT;Packaging;Label adhesive;228.3126380091733
LABEL FFMCUR.;582.6839200000001;67468.52877665451;6;ZIMMERMANN Druck KG;GLEISDORF;AT;Packaging;Paper & Carton;5014.00900529726
LABEL FIBLIM.;13654.678212999996;937581.8796486787;27;MARZEK ETIKETTEN GMBH.;TRAISKIRCHEN;AT;Packaging;Label adhesive;5827.471728208576
LABEL WDMJRS.;5740.754378000001;402075.2564313375;6;ZIMMERMANN Druck KG;GLEISDORF;AT;Packaging;Paper & Carton;49399.32810998401
LABEL GMBOKH.;1123.63396;97347.3042460024;6;ZIMMERMANN Druck KG;GLEISDORF;AT;Packaging;Paper & Carton;9668.896979511328
LABEL SNMXKA.;1951.883278;205581.49030434305;27;MARZEK ETIKETTEN GMBH.;TRAISKIRCHEN;AT;Packaging;Label adhesive;833.0144762019288
LABEL MLIWSZ.;837.5150639999999;78200.03452957298;6;ZIMMERMANN Druck KG;GLEISDORF;AT;Packaging;Paper & Carton;7206.837066943791
SELF-ADHESIVE LABELS ACUWHB;510.281828;5704.8412498622865;27;MARZEK ETIKETTEN GMBH.;TRAISKIRCHEN;AT;Packaging;Label adhesive;217.77539387618174
LABEL MVWMTA.;1588.3099650000001;100996.70921455;27;MARZEK ETIKETTEN GMBH.;TRAISKIRCHEN;AT;Packaging;Label adhesive;677.850570499523
LABEL JXNAEC.;1689.042582;112413.16581312881;6;ZIMMERMANN Druck KG;GLEISDORF;AT;Packaging;Paper & Carton;14534.251634193948
LABEL DXGFBH.;1521.380514;127846.379320228;6;ZIMMERMANN Druck KG;GLEISDORF;AT;Packaging;Paper & Carton;13091.515547022085
LABEL JMMGAH.;526.133816;47283.99263171352;6;ZIMMERMANN Druck KG;GLEISDORF;AT;Packaging;Paper & Carton;4527.394013919951
LABEL AXUTKT.;2357.310525;235183.31607906183;6;ZIMMERMANN Druck KG;GLEISDORF;AT;Packaging;Paper & Carton;20284.713195160784
LABEL PBZJGX.;1001.61369;76430.60714514536;27;MARZEK ETIKETTEN GMBH.;TRAISKIRCHEN;AT;Packaging;Label adhesive;427.46342096180973
SELF-ADHESIVE LABELS MRAXES;1101.9773200000004;12497.240806092417;27;MARZEK ETIKETTEN GMBH.;TRAISKIRCHEN;AT;Packaging;Label adhesive;470.29608294344206
CUCUMBER ITKYDN.;83797.15785899997;69830.96488510001;9 & 33;GETRA Logistics Austria GmbH & Co. KG & Mayr & Holzinger OG;Salzburg & Ansfelden;AT;Raw Materials;Fruit. Berry & Vegetable;33656.020861536264
LABEL QJIXWR.;594.9590400000001;38601.613058114104;6;ZIMMERMANN Druck KG;GLEISDORF;AT;Packaging;Paper & Carton;5119.6367051677225
TOMATO MVQVBE.;386.16990899999996;;9;GETRA Logistics Austria GmbH & Co. KG;Salzburg;AT;Raw Materials;Fruit. Berry & Vegetable;155.10003973250105
SELF-ADHESIVE LABELS AWNVQV;1701.3266280000007;15580.421479921675;27;MARZEK ETIKETTEN GMBH.;TRAISKIRCHEN;AT;Packaging;Label adhesive;726.0832273351821
BEEF SLICED TANEWBA.;303036.43599;20202.429066;44;Tulip Food Company GmbH;Hamburg;DE;Raw Materials;Meat;1320022.771494566
LABEL KMVUCC.;583.8888;59048.17352590338;6;ZIMMERMANN Druck KG;GLEISDORF;AT;Packaging;Paper & Carton;5024.377026385438
LABEL ISPLZG.;430.21;46371.040555016836;6;ZIMMERMANN Druck KG;GLEISDORF;AT;Packaging;Paper & Carton;3701.9672932950234
LABEL YUUMNO.;874.6619539999999;81132.99962601907;6;ZIMMERMANN Druck KG;GLEISDORF;AT;Packaging;Paper & Carton;7526.486939860803
LABEL VCBXNW.;3454.222683;222224.93359078423;6;ZIMMERMANN Druck KG;GLEISDORF;AT;Packaging;Paper & Carton;29723.668432216324
RICE OGECDM;33941.275200000004;60345.298562;18;MASSBERG Karl W.K. GmbH.& Co KG;Hamburg;DE;Raw Materials;Flour & Grain;14650.440423930608
BARREL OJWRA.;126777.55614000002;16101.49254562395;8;Ardagh Metal Beverage Manufactur Austria;Enzesfeld-Lindabrunn;AT;Packaging;Barrels;70134.0792134439
LABEL CUTSHE;1129.378006;74981.18776436007;27;MARZEK ETIKETTEN GMBH.;TRAISKIRCHEN;AT;Packaging;Label adhesive;481.99000355495065
GLASS JAR KLSZKC.;577602.8829610003;3509997.6503433445;32;VETROPACK AUSTRIA GMBH;POECHLARN;AT;Packaging;Glass;545530.4058327423
PLASTIC BOTTLES OKWOYU.;675994.5743439997;5646030.922413956;11;Greiner Packaging Wartberg;Wartberg an der Krems;AT;Raw Materials;Flour & Grain;291786.86363342934
METAL // ZOOKVY;3643.5714740000003;37397.299689272986;36;Crown Commercial Polska Sp.z.o.o.;Goleniow;PL;Packaging;Metal;18818.77843330768
LABEL WRHVWM.;6145.985814;512639.73367795907;27;MARZEK ETIKETTEN GMBH.;TRAISKIRCHEN;AT;Packaging;Label adhesive;2622.951490644255
LABEL KLVQDD.;1856.914488;157659.53383365105;6;ZIMMERMANN Druck KG;GLEISDORF;AT;Packaging;Paper & Carton;15978.793382352047
LABEL PXGLLH.;7609.619276999999;635182.2200086685;6;ZIMMERMANN Druck KG;GLEISDORF;AT;Packaging;Paper & Carton;65480.955063530186
LABEL AZFHT.;7560.913200000003;533421.3182998799;6;ZIMMERMANN Druck KG;GLEISDORF;AT;Packaging;Paper & Carton;65061.838111254096
LABEL YUWENZ.;688.372395;57462.366565449294;6;ZIMMERMANN Druck KG;GLEISDORF;AT;Packaging;Paper & Carton;5923.460849113602
LABEL MAZGME.;1043.7854630000004;86020.5421830939;27;MARZEK ETIKETTEN GMBH.;TRAISKIRCHEN;AT;Packaging;Label adhesive;445.4612683700306
LABEL MJLNIL.;1096.6956;118038.50204236098;6;ZIMMERMANN Druck KG;GLEISDORF;AT;Packaging;Paper & Carton;9437.091750309295
PORK CUT QJLUMP.;1117.736667;1943.586327;34;OSI Food Solutions Austria GmbH & Co KG;Enns;AT;Raw Materials;Meat;4868.846375368297
LABEL HNCDMU.;1958.467136;247231.66810804518;6;ZIMMERMANN Druck KG;GLEISDORF;AT;Packaging;Paper & Carton;16852.6563363594
PLASTIC BOTTLES FFIJEB.;43409.048254;478252.8414632828;11;Greiner Packaging Wartberg;Wartberg an der Krems;AT;Packaging;Plastic;73545.07572781142
STOCK CONSUMERS XYNRYY;139277.20529;174186.1781530001;5 & 41;CORETH Kunststoffverarb. GmbH & HNAT GmbH;UNTERWALTERSDORF & Himberg;AT;Packaging;Plastic;235968.14540312145
PLASTIC BOTTLES GABJSE.;1338.270913;11691.451782247495;22;RPC Containers Limited;Halstead Essex;GB;Packaging;Plastic;2267.3437819923397
PLASTIC BOTTLES XSEVMJ.;447.26650199999995;4496.2046872757255;11;Greiner Packaging Wartberg;Wartberg an der Krems;AT;Packaging;Plastic;757.7740144780118
SELF-ADHESIVE LABELS GTBCTY;1321.768467;12381.32309767393;27;MARZEK ETIKETTEN GMBH.;TRAISKIRCHEN;AT;Packaging;Label adhesive;564.0973923022826
SELF-ADHESIVE LABELS JZHAGC;1572.6490830000002;19575.601326690004;27;MARZEK ETIKETTEN GMBH.;TRAISKIRCHEN;AT;Packaging;Label adhesive;671.1669016740707
MEAT / / KVXEKV;5258.4959340000005;864.8144335000001;49;Norbert Marcher GmbH Betriebstaette;Graz;AT;Raw Materials;Meat;22905.93985510259
LABEL OITKVB.;2111.697464;143214.42165630526;6;ZIMMERMANN Druck KG;GLEISDORF;AT;Packaging;Paper & Carton;18171.2069572117
LABEL ADZMGY.;1050.853452;87459.4821770144;27;MARZEK ETIKETTEN GMBH.;TRAISKIRCHEN;AT;Packaging;Label adhesive;448.4777075295835
RICE VPOWAD.;15338.872119999998;20924.446042;9 & 18;GETRA Logistics Austria GmbH & Co. KG & MASSBERG Karl W.K. GmbH.& Co KG;Salzburg & Hamburg;AT & DE;Raw Materials;Fruit. Berry & Vegetable;6160.655244797317
BARREL YZIUPK.;15183.388666;1854.2108994153743;8;Ardagh Metal Beverage Manufactur Austria;Enzesfeld-Lindabrunn;AT;Packaging;Barrels;8399.53865535801
LABEL TEHTON.;589.27797;43454.24946433295;6;ZIMMERMANN Druck KG;GLEISDORF;AT;Packaging;Paper & Carton;5070.750962551512
LABEL UTHLSF.;313.021128;23693.87392639413;6;ZIMMERMANN Druck KG;GLEISDORF;AT;Packaging;Paper & Carton;2693.554259469364
LABEL IRVUDJ.;1037.651348;126264.08658651894;6;ZIMMERMANN Druck KG;GLEISDORF;AT;Packaging;Paper & Carton;8929.014556006352
BEARING CONSUMERS HTAAUR.;384293.57246400055;27449.54089100003;5 & 41;CORETH Kunststoffverarb. GmbH & HNAT GmbH;UNTERWALTERSDORF & Himberg;AT;Packaging;Plastic;651083.1502962466
PLASTIC BOTTLES CARUID;241976.48525400003;2848928.4216804504;11;Greiner Packaging Wartberg;Wartberg an der Krems;AT;Raw Materials;Flour & Grain;104446.93254205871
KEGS TGBYCD.;163080.28168199994;739719.693785541;8 & 36;Ardagh Metal Beverage Manufactur Austria & Crown Commercial Polska Sp.z.o.o.;Enzesfeld-Lindabrunn & Goleniow;AT & PL;Packaging;Kegs;181160.03538308354
BEAN UFULSI.;111384.74847;3215.117219870559;9 & 48 & 46;GETRA Logistics Austria GmbH & Co. KG & Greenyard Prepare Belgium nv & Mamminger Konserven GmbH;Salzburg & Bree & Mamming;AT & BE & DE;Raw Materials;Fruit. Berry & Vegetable;44736.2119902813
LABEL MJQYKB.;2633.3046719999998;205603.97993177554;6;ZIMMERMANN Druck KG;GLEISDORF;AT;Packaging;Paper & Carton;22659.649401513165
LABEL GZBDIJ.;389.002786;24777.614059783988;6;ZIMMERMANN Druck KG;GLEISDORF;AT;Packaging;Paper & Carton;3347.3782356817446
METAL // LNAIUD;6856.868034;60915.13967083072;36;Crown Commercial Polska Sp.z.o.o.;Goleniow;PL;Packaging;Metal;35415.21861148374
LABEL VXCXVT.;3505.359496;360881.23335195327;6;ZIMMERMANN Druck KG;GLEISDORF;AT;Packaging;Paper & Carton;30163.701925648238
LABEL BQUVQS.;510.38988;45425.578515273366;6;ZIMMERMANN Druck KG;GLEISDORF;AT;Packaging;Paper & Carton;4391.9170697770205
LABEL KFMFVD.;3694.873108;338677.29557442205;6;ZIMMERMANN Druck KG;GLEISDORF;AT;Packaging;Paper & Carton;31794.4710692251
LABEL WXPESH.;733.537012;62184.431466600676;6;ZIMMERMANN Druck KG;GLEISDORF;AT;Packaging;Paper & Carton;6312.1034537676005
MEAT / / STBXKY;115738.66442699998;16867.453029999993;44;Tulip Food Company GmbH;Hamburg;DE;Raw Materials;Meat;504156.1160356624
LABEL MIVHSU.;7569.361440000001;646968.4772773535;6;ZIMMERMANN Druck KG;GLEISDORF;AT;Packaging;Paper & Carton;65134.535417606574
METAL / / SPILIR;9134.02155;88211.16205392574;36;Crown Commercial Polska Sp.z.o.o.;Goleniow;PL;Packaging;Metal;47176.54888372517
BEARING CONSUMERS SLZWBM.;155204.71177499995;11938.823983000006;5 & 41;CORETH Kunststoffverarb. GmbH & HNAT GmbH;UNTERWALTERSDORF & Himberg;AT;Packaging;Plastic;262953.06485448463
LABEL PSVERJ.;3336.3635199999994;408969.86911403155;6;ZIMMERMANN Druck KG;GLEISDORF;AT;Packaging;Paper & Carton;28709.487528376038
LABEL VJKLNZ.;1518.1897720000004;140197.12126506207;6;ZIMMERMANN Druck KG;GLEISDORF;AT;Packaging;Paper & Carton;13064.05913614056
LABEL FITLKA.;686.412564;73010.26247774917;6;ZIMMERMANN Druck KG;GLEISDORF;AT;Packaging;Paper & Carton;5906.596456695049
SELF-ADHESIVE LABELS MSHZSL;227.519835;2218.9380219801305;27;MARZEK ETIKETTEN GMBH.;TRAISKIRCHEN;AT;Packaging;Label adhesive;97.09971816156634
LABEL TJVZSN.;4211.794104000001;359531.51693057304;6;ZIMMERMANN Druck KG;GLEISDORF;AT;Packaging;Paper & Carton;36242.58854768793
ALUMINUM TBPJVV.;43500.229497;13811.960145247205;36;Crown Commercial Polska Sp.z.o.o.;Goleniow;PL;Packaging;Metal;224675.48298246396
METAL // SQEQLX;9969.878561;108738.9545019864;36;Crown Commercial Polska Sp.z.o.o.;Goleniow;PL;Packaging;Metal;51493.68881200199
PORK SLICED YAXSQJ.;155836.137732;266874.70260448003;34 & 49;OSI Food Solutions Austria GmbH & Co KG & Norbert Marcher GmbH Betriebstaette;Enns & Graz;AT;Raw Materials;Meat;678820.1879287933
CUCUMBER YUYOVA.;229681.851888;208801.68353699998;33;Mayr & Holzinger OG;Ansfelden;AT;Raw Materials;Fruit. Berry & Vegetable;92248.67998107856
LABEL WNTPOJ.;2212.42428;265282.85556642397;27;MARZEK ETIKETTEN GMBH.;TRAISKIRCHEN;AT;Packaging;Label adhesive;944.2067942858977
LABEL ZBNCVK.;5471.053032;458882.81598865107;27;MARZEK ETIKETTEN GMBH.;TRAISKIRCHEN;AT;Packaging;Label adhesive;2334.9072288760362
ALUMINUM YZUIYC.;10760.032097;3416.4678255852364;36;Crown Commercial Polska Sp.z.o.o.;Goleniow;PL;Packaging;Metal;55574.77365647034
LABEL XDOCLR.;3869.226047;335663.9772677607;27;MARZEK ETIKETTEN GMBH.;TRAISKIRCHEN;AT;Packaging;Label adhesive;1651.2879356962064
GLASS JAR HJDMKH.;111079.40021399996;656173.709435474;32;VETROPACK AUSTRIA GMBH;POECHLARN;AT;Packaging;Glass;104911.50938817687
LABEL XOAPOF;2964.5807879999998;203911.43073752703;6;ZIMMERMANN Druck KG;GLEISDORF;AT;Packaging;Paper & Carton;25510.28826737358
LABEL VDGNLE.;518.19508;52828.74158528075;6;ZIMMERMANN Druck KG;GLEISDORF;AT;Packaging;Paper & Carton;4459.08100161874
SPICES ZNGNKD.;11847.01055;18124.16906;49;Norbert Marcher GmbH Betriebstaette;Graz;AT;Raw Materials;Seasoning & Additives;7791.944825876995
LABEL QUALZ.;4803.986457;431687.7865634811;27;MARZEK ETIKETTEN GMBH.;TRAISKIRCHEN;AT;Packaging;Label adhesive;2050.2200655458532
LABEL DURHOO.;12703.36199;1146019.2724277293;6;ZIMMERMANN Druck KG;GLEISDORF;AT;Packaging;Paper & Carton;109312.73239084908
LABEL EQSFRZ;8180.323503999999;587551.0834663727;6;ZIMMERMANN Druck KG;GLEISDORF;AT;Packaging;Paper & Carton;70391.8785253261
LABEL FCOPUA.;659.298646;70511.47455946582;27;MARZEK ETIKETTEN GMBH.;TRAISKIRCHEN;AT;Packaging;Label adhesive;281.3720074599311
LABEL GQKVBP.;9922.877249999998;631630.2977319786;27;MARZEK ETIKETTEN GMBH.;TRAISKIRCHEN;AT;Packaging;Label adhesive;4234.833346845642
LABEL ZIDDIF;1866.271602;130015.08610799893;6;ZIMMERMANN Druck KG;GLEISDORF;AT;Packaging;Paper & Carton;16059.311571114822
GLASS JAR HRZVWY.;63953.62387999999;383136.08488937526;32;VETROPACK AUSTRIA GMBH;POECHLARN;AT;Packaging;Glass;60402.47966021083
PRESERVED VEGETABLES ZZOJCD.;746056.812313;6433279.290364169;9 & 48;GETRA Logistics Austria GmbH & Co. KG & Greenyard Prepare Belgium nv;Salzburg & Bree;AT & BE;Raw Materials;Fruit. Berry & Vegetable;299643.85762757447
PLASTIC BOTTLES UYEGPH.;5181.505829;41227.289660790986;11;Greiner Packaging Wartberg;Wartberg an der Krems;AT;Raw Materials;Flour & Grain;2236.549511080646
LABEL AUOOMS.;5289.492327;544817.0795793349;6;ZIMMERMANN Druck KG;GLEISDORF;AT;Packaging;Paper & Carton;45516.20741658489
SELF-ADHESIVE LABELS ASXMUX;24826.06227;216140.52059690226;27;MARZEK ETIKETTEN GMBH.;TRAISKIRCHEN;AT;Packaging;Label adhesive;10595.136241543494
LABEL KQDYWI.;195.23344699999998;20261.626060239083;6;ZIMMERMANN Druck KG;GLEISDORF;AT;Packaging;Paper & Carton;1679.988459941069
LABEL YTEOSM.;389.36522599999995;34267.500885597714;6;ZIMMERMANN Druck KG;GLEISDORF;AT;Packaging;Paper & Carton;3350.4970405114364
LABEL IHDTZY.;472.831909;50248.511724448486;6;ZIMMERMANN Druck KG;GLEISDORF;AT;Packaging;Paper & Carton;4068.729835067174
PRESERVED VEGETABLES DSWUOL.;2504.630022;21564.34952598303;46;Mamminger Konserven GmbH;Mamming;DE;Raw Materials;Fruit. Berry & Vegetable;1005.9515432814704
LABEL GCBMWG.;1359.86341;131499.7277381748;6;ZIMMERMANN Druck KG;GLEISDORF;AT;Packaging;Paper & Carton;11701.657021381745
LABEL EWNBTW.;3630.149853;295544.54024740105;27;MARZEK ETIKETTEN GMBH.;TRAISKIRCHEN;AT;Packaging;Label adhesive;1549.2562554405488
LABEL TXHOJR.;89.78022299999999;8602.809354511073;27;MARZEK ETIKETTEN GMBH.;TRAISKIRCHEN;AT;Packaging;Label adhesive;38.31593122323852
STOCK CONSUMERS VZHXIA;108875.26425999994;186564.99114500012;41 & 5;HNAT GmbH & CORETH Kunststoffverarb. GmbH;Himberg & UNTERWALTERSDORF;AT;Packaging;Plastic;184460.15005982848
LABEL TGBWCV.;557.465292;44153.56467275927;6;ZIMMERMANN Druck KG;GLEISDORF;AT;Packaging;Paper & Carton;4797.0021109020245
GLASS JAR DLSXND.;227418.79962000012;1203480.009095226;32;VETROPACK AUSTRIA GMBH;POECHLARN;AT;Packaging;Glass;214790.9467049363
LABEL BMPPXJ.;692.9559;46041.662808358284;6;ZIMMERMANN Druck KG;GLEISDORF;AT;Packaging;Paper & Carton;5962.902018771802
LABEL PZASNJ.;7450.763231;548591.5263765629;6;ZIMMERMANN Druck KG;GLEISDORF;AT;Packaging;Paper & Carton;64113.99500533961
LABEL MVUTJU.;507.9178;46705.43401074825;6;ZIMMERMANN Druck KG;GLEISDORF;AT;Packaging;Paper & Carton;4370.644762516825
MEAT / / TAFXJE;77385.12443;8911.28841;44;Tulip Food Company GmbH;Hamburg;DE;Raw Materials;Meat;337088.5949368521
SELF-ADHESIVE LABELS ROPFLQ;902.267066;8843.609968770896;27;MARZEK ETIKETTEN GMBH.;TRAISKIRCHEN;AT;Packaging;Label adhesive;385.0647914502196
LABEL HHPSIB.;1080.41273;80659.94022614602;6;ZIMMERMANN Druck KG;GLEISDORF;AT;Packaging;Paper & Carton;9296.977266264352
LABEL XXZEAB.;795.0792260000002;97803.8740750032;6;ZIMMERMANN Druck KG;GLEISDORF;AT;Packaging;Paper & Carton;6841.675670556991
LABEL CECMFB.;1081.00278;80177.41109154318;27;MARZEK ETIKETTEN GMBH.;TRAISKIRCHEN;AT;Packaging;Label adhesive;461.3446791127891
LABEL RVJEIM;480.184796;57650.92867313014;6;ZIMMERMANN Druck KG;GLEISDORF;AT;Packaging;Paper & Carton;4132.001602774327
TOMATO GHZAWT.;191369.03800000003;1600703.8833603645;26 & 9;D.NOMIKOS S.A. & GETRA Logistics Austria GmbH & Co. KG;Athens & Salzburg;GR & AT;Raw Materials;Fruit. Berry & Vegetable;76860.84468422554
TOMATO EGHJHI.;363394.0686519999;3136292.086368819;9 & 26;GETRA Logistics Austria GmbH & Co. KG & D.NOMIKOS S.A.;Salzburg & Athens;AT & GR;Raw Materials;Fruit. Berry & Vegetable;145952.4244973743
LABEL NANMKQ.;1524.192188;143548.22367749806;6;ZIMMERMANN Druck KG;GLEISDORF;AT;Packaging;Paper & Carton;13115.710068738012
LABEL SMNFS.;1181.008836;88452.88732863404;6;ZIMMERMANN Druck KG;GLEISDORF;AT;Packaging;Paper & Carton;10162.609153586449
PLASTIC / / USDZKT;1242.811584;;5;CORETH Kunststoffverarb. GmbH;UNTERWALTERSDORF;AT;Packaging;Plastic;2105.61336258412
PLASTIC CAP UUVPTM.;17015.171968000002;195873.21263086176;11;Greiner Packaging Wartberg;Wartberg an der Krems;AT;Packaging;Plastic;28827.679049447564
SELF-ADHESIVE LABELS FCZPEQ;3359.5851079999998;29576.344515757388;27;MARZEK ETIKETTEN GMBH.;TRAISKIRCHEN;AT;Packaging;Label adhesive;1433.7860570556209
LABEL RUPPIX.;4372.9486240000015;290347.9349945461;6;ZIMMERMANN Druck KG;GLEISDORF;AT;Packaging;Paper & Carton;37629.32702937515
LABEL CYRJWC.;1028.7572369999998;68510.22111807593;6;ZIMMERMANN Druck KG;GLEISDORF;AT;Packaging;Paper & Carton;8852.480519082672
LABEL ICGVR.;986.388501;98677.05750529029;6;ZIMMERMANN Druck KG;GLEISDORF;AT;Packaging;Paper & Carton;8487.89653700357
TOMATO CPCYCB.;4125099.0067559998;;12 & 38 & 23 & 47 & 9 & 26;"Farm Enterprise ""Organic Systems"" & TARIS HandelsgesmbH & Consorzio Padano Ortofrutticolo & International Trade Co.Ltd. & GETRA Logistics Austria GmbH & Co. KG & D.NOMIKOS S.A.";Nikolaev Region & Klagenfurt & COLLECCHIO & Tianjin & Salzburg & Athens;UA & AT & IT & CN & GR;Raw Materials;Fruit. Berry & Vegetable;1656791.4923903516
LABEL KAYGDZ.;1726.6835600000002;171070.7145087075;27;MARZEK ETIKETTEN GMBH.;TRAISKIRCHEN;AT;Packaging;Label adhesive;736.9049253671006
GLASS JAR DNOZDK.;23058.472119;139455.28961304395;32;VETROPACK AUSTRIA GMBH;POECHLARN;AT;Packaging;Glass;21778.107457629125
KEGS DQFXMG.;318892.39126999996;1687550.100113955;8;Ardagh Metal Beverage Manufactur Austria;Enzesfeld-Lindabrunn;AT;Packaging;Kegs;354246.1190894899
SELF-ADHESIVE LABELS BLIURN;4771.921424;58045.65451949911;27;MARZEK ETIKETTEN GMBH.;TRAISKIRCHEN;AT;Packaging;Label adhesive;2036.5355194615904
ALUMINUM LXDBTL.;10316.33792;3275.5884245855573;36;Crown Commercial Polska Sp.z.o.o.;Goleniow;PL;Packaging;Metal;53283.125895833655
RICE HACUDL.;94530.539576;143045.214257;18;MASSBERG Karl W.K. GmbH.& Co KG;Hamburg;DE;Raw Materials;Fruit. Berry & Vegetable;37966.941759235735
LABEL WQWOTH.;1677.657751;175659.46341928688;27;MARZEK ETIKETTEN GMBH.;TRAISKIRCHEN;AT;Packaging;Label adhesive;715.9819485350245
LABEL JQTZJD.;7466.6594;496809.7818690121;27;MARZEK ETIKETTEN GMBH.;TRAISKIRCHEN;AT;Packaging;Label adhesive;3186.5816153937085
LABEL BPKMUX.;1021.1352019999999;123733.47969327072;6;ZIMMERMANN Druck KG;GLEISDORF;AT;Packaging;Paper & Carton;8786.89272642711
PEPPER KWVWWT.;251.77360499999998;378.9425424;49;Norbert Marcher GmbH Betriebstaette;Graz;AT;Raw Materials;Seasoning & Additives;165.59502758036695
LABEL DRFHUR.;3704.749838000001;281248.4143643237;6;ZIMMERMANN Druck KG;GLEISDORF;AT;Packaging;Paper & Carton;31879.460566039936
LABEL GAHUQK.;464.46393600000005;42104.00071059106;6;ZIMMERMANN Druck KG;GLEISDORF;AT;Packaging;Paper & Carton;3996.723228160836
TOMATO CHQNHR.;245971.68510899995;2221910.950975445;9 & 26;GETRA Logistics Austria GmbH & Co. KG & D.NOMIKOS S.A.;Salzburg & Athens;AT & GR;Raw Materials;Fruit. Berry & Vegetable;98791.27618272333
BEEF CUT OPPHNT.;2897072.8103510006;222851.754640284;4 & 20 & 34 & 49;Alpenrind GmbH & GRANDITS GmbH. & OSI Food Solutions Austria GmbH & Co KG & Norbert Marcher GmbH Betriebstaette;Salzburg & KIRCHSCHLAG & Enns & Graz;AT;Raw Materials;Meat;12619611.459749594
PLASTIC BOTTLES EZVCBV.;17234.54612;201641.50238763343;11;Greiner Packaging Wartberg;Wartberg an der Krems;AT;Raw Materials;Flour & Grain;7439.133906334326
LABEL EVNEWL.;1174.883787;107927.523222109;6;ZIMMERMANN Druck KG;GLEISDORF;AT;Packaging;Paper & Carton;10109.902961104104
PLASTIC BOTTLES UYNAOH.;1085.053441;12803.686937686367;11;Greiner Packaging Wartberg;Wartberg an der Krems;AT;Raw Materials;Flour & Grain;468.3533750715236
GARLIC BNKRZ.;830.68371;1661.36742;49;Norbert Marcher GmbH Betriebstaette;Graz;AT;Raw Materials;Fruit. Berry & Vegetable;333.63313252390515
LABEL RFWKDK.;750.83985;90301.59707336834;6;ZIMMERMANN Druck KG;GLEISDORF;AT;Packaging;Paper & Carton;6460.994786737969
ADHESIVE LABELS YINZYY;452.51719800000006;57472.33589678027;27;MARZEK ETIKETTEN GMBH.;TRAISKIRCHEN;AT;Packaging;Label adhesive;193.1229089941179
METAL // HUMMQE;5191.420022;45991.787753193006;36;Crown Commercial Polska Sp.z.o.o.;Goleniow;PL;Packaging;Metal;26813.302235293348
SPICES OOVZJF.;1339.01265;1973.285175;49;Norbert Marcher GmbH Betriebstaette;Graz;AT;Raw Materials;Seasoning & Additives;880.6873806617267
BEEF SLICED IEGDVZ.;1439965.937259;84703.87865728501;4 & 20 & 34 & 49;Alpenrind GmbH & GRANDITS GmbH. & OSI Food Solutions Austria GmbH & Co KG & Norbert Marcher GmbH Betriebstaette;Salzburg & KIRCHSCHLAG & Enns & Graz;AT;Raw Materials;Meat;6272472.883165508
LABEL TVNEPT.;927.04194;61180.28473721891;27;MARZEK ETIKETTEN GMBH.;TRAISKIRCHEN;AT;Packaging;Label adhesive;395.6380818312025
GLASS JAR MHNQQV.;22788.584881;140499.2146146094;32;VETROPACK AUSTRIA GMBH;POECHLARN;AT;Packaging;Glass;21523.206211775825
LABEL HBXDRP.;3534.357120000001;311949.7337224204;6;ZIMMERMANN Druck KG;GLEISDORF;AT;Packaging;Paper & Carton;30413.22717060133
LABEL SCEWXX.;2804.29875;220161.909522172;6;ZIMMERMANN Druck KG;GLEISDORF;AT;Packaging;Paper & Carton;24131.057514070148
LABEL WGKZJY.;1047.418602;105383.73028201182;6;ZIMMERMANN Druck KG;GLEISDORF;AT;Packaging;Paper & Carton;9013.062009234554
LABEL SQTSXP.;367.880122;29696.810128589266;6;ZIMMERMANN Druck KG;GLEISDORF;AT;Packaging;Paper & Carton;3165.6172090313635
STOCK CONSUMERS HRDYTU.;13637.038094999998;21850.65467499999;41;HNAT GmbH;Himberg;AT;Packaging;Plastic;23104.330542593885
PLASTIC BOTTLES VRAJSE.;9003.631342;89920.06303927934;11;Greiner Packaging Wartberg;Wartberg an der Krems;AT;Raw Materials;Flour & Grain;3886.3349652521415
LABEL WXYTJF.;2077.932576;158573.17405984865;6;ZIMMERMANN Druck KG;GLEISDORF;AT;Packaging;Paper & Carton;17880.659292030115
SELF-ADHESIVE LABELS UHKDSD;3955.943061;36166.620646245115;27;MARZEK ETIKETTEN GMBH.;TRAISKIRCHEN;AT;Packaging;Label adhesive;1688.2965666984774
LABEL PBQPRB.;1556.02193;149176.52387423653;6;ZIMMERMANN Druck KG;GLEISDORF;AT;Packaging;Paper & Carton;13389.605756513793
LABEL TGMJDQ.;1618.209666;150254.909726332;6;ZIMMERMANN Druck KG;GLEISDORF;AT;Packaging;Paper & Carton;13924.732705483053
LABEL FYKLXM.;1638.279037;157898.7149396724;6;ZIMMERMANN Druck KG;GLEISDORF;AT;Packaging;Paper & Carton;14097.43012078954
TOMATO DYZQCV.;47409.066446;;9;GETRA Logistics Austria GmbH & Co. KG;Salzburg;AT;Raw Materials;Fruit. Berry & Vegetable;19041.22490666507
LABEL KLAMKZ.;882.0944699999999;79488.91887163525;6;ZIMMERMANN Druck KG;GLEISDORF;AT;Packaging;Paper & Carton;7590.443917008921
SAHNEGESER;478824.3993150001;614790.2677011002;28;NÃ–M AG;Baden;AT;Raw Materials;Dairy & Egg;362130.04787811846
LABEL YWRRKR.;562.93016;70536.06124288565;6;ZIMMERMANN Druck KG;GLEISDORF;AT;Packaging;Paper & Carton;4844.027430160467
TOMATO SCEFNE.;432559.8241369999;;9 & 23;GETRA Logistics Austria GmbH & Co. KG & Consorzio Padano Ortofrutticolo;Salzburg & COLLECCHIO;AT & IT;Raw Materials;Fruit. Berry & Vegetable;173731.93598658242
LABEL YKCLJI.;307.748723;25011.260390132997;27;MARZEK ETIKETTEN GMBH.;TRAISKIRCHEN;AT;Packaging;Label adhesive;131.33938088466857
CRYSTAL SUGAR IRRBHB.;276408.80062999995;460681.33431000006;30;Povazsky cukor a.s.;Trencianska Tepla;SK;Raw Materials;Sweeteners;93773.67197745855
LABEL XGMKQV.;1873.7499879999998;156292.72523669456;6;ZIMMERMANN Druck KG;GLEISDORF;AT;Packaging;Paper & Carton;16123.663260705103
LABEL EDXUMX.;589.6975;58348.98455495162;6;ZIMMERMANN Druck KG;GLEISDORF;AT;Packaging;Paper & Carton;5074.361028190517
LABEL XXWYPH.;1038.3770550000002;117850.9132885403;6;ZIMMERMANN Druck KG;GLEISDORF;AT;Packaging;Paper & Carton;8935.259282020428
LABEL WIEJBA.;349.31462;36942.25920768567;6;ZIMMERMANN Druck KG;GLEISDORF;AT;Packaging;Paper & Carton;3005.8606222769804
PLASTIC BOTTLES ROXGDS.;306375.646468;3004112.3897790783;11;Greiner Packaging Wartberg;Wartberg an der Krems;AT;Raw Materials;Flour & Grain;132244.2403673348
LABEL MWXDTH.;578.695806;53834.16731447507;6;ZIMMERMANN Druck KG;GLEISDORF;AT;Packaging;Paper & Carton;4979.691189370312
LABEL OXWAIR;9570.66936;927986.1271758964;6;ZIMMERMANN Druck KG;GLEISDORF;AT;Packaging;Paper & Carton;82355.83772032453
LABEL DQZDUD.;2077.401326;206104.00078333926;6;ZIMMERMANN Druck KG;GLEISDORF;AT;Packaging;Paper & Carton;17876.08787313106
SPICES QUNROZ.;80.266853;101.8956358;49;Norbert Marcher GmbH Betriebstaette;Graz;AT;Raw Materials;Seasoning & Additives;52.79263382801489
LABEL HXGLJJ.;270.152483;17613.64366603181;6;ZIMMERMANN Druck KG;GLEISDORF;AT;Packaging;Paper & Carton;2324.6685485424327
MEAT / / SXYHZH;20138.5461;3223.602106;44;Tulip Food Company GmbH;Hamburg;DE;Raw Materials;Meat;87723.24473110656
LABEL ARENUY.;421.12301900000006;29022.011333145518;27;MARZEK ETIKETTEN GMBH.;TRAISKIRCHEN;AT;Packaging;Label adhesive;179.7246664505007
MEAT / / SJNSSI;226670.51781;25162.191065;44;Tulip Food Company GmbH;Hamburg;DE;Raw Materials;Meat;987373.8257188923
LABEL OSCOQPG.;981.6280380000001;74329.26489419745;27;MARZEK ETIKETTEN GMBH.;TRAISKIRCHEN;AT;Packaging;Label adhesive;418.9340495490925
PLASTIC BOTTLES FRCKJX.;868235.7371809995;9700210.997371813;11;Greiner Packaging Wartberg;Wartberg an der Krems;AT;Raw Materials;Flour & Grain;374765.9999968918
LABEL YQRZF.;2442.403965;226066.44244767897;6;ZIMMERMANN Druck KG;GLEISDORF;AT;Packaging;Paper & Carton;21016.944272434586
LABEL ZXQETF.;219.34067799999997;21371.564771920952;6;ZIMMERMANN Druck KG;GLEISDORF;AT;Packaging;Paper & Carton;1887.4317566889547
BARRELS UQXAAD.;129642.65008699994;17080.2658389709;8;Ardagh Metal Beverage Manufactur Austria;Enzesfeld-Lindabrunn;AT;Packaging;Barrels;71719.06579901077
LABEL XYLQTE.;3074.817336;258475.77953903636;6;ZIMMERMANN Druck KG;GLEISDORF;AT;Packaging;Paper & Carton;26458.87638764449
LABEL YSUOMK.;838.2170070000001;53509.215448974894;6;ZIMMERMANN Druck KG;GLEISDORF;AT;Packaging;Paper & Carton;7212.877303172047
METAL / / VLBYZU;6773.76213;60446.943134828274;36;Crown Commercial Polska Sp.z.o.o.;Goleniow;PL;Packaging;Metal;34985.982735356185
SELF-ADHESIVE LABELS VZZFYU;974.951809;8761.787924354223;27;MARZEK ETIKETTEN GMBH.;TRAISKIRCHEN;AT;Packaging;Label adhesive;416.08480366122484
SELF-ADHESIVE LABELS ICBNZU;666.296295;6873.849226196594;27;MARZEK ETIKETTEN GMBH.;TRAISKIRCHEN;AT;Packaging;Label adhesive;284.35842728435466
LABEL TGPWQH.;1419.0872169999998;178822.72499984648;6;ZIMMERMANN Druck KG;GLEISDORF;AT;Packaging;Paper & Carton;12211.27929073489
RICE AMOPUQ.;104659.478686;205826.354237;18;MASSBERG Karl W.K. GmbH.& Co KG;Hamburg;DE;Raw Materials;Fruit. Berry & Vegetable;42035.096273079755
LABEL HKSYPO.;2287.338768;269082.85980366217;27;MARZEK ETIKETTEN GMBH.;TRAISKIRCHEN;AT;Packaging;Label adhesive;976.178405336943
LABEL DGJGBE.;590.14852;58349.138162189;6;ZIMMERMANN Druck KG;GLEISDORF;AT;Packaging;Paper & Carton;5078.242066029297
LABEL MCZWFJ.;1409.81955;92135.74418648855;6;ZIMMERMANN Druck KG;GLEISDORF;AT;Packaging;Paper & Carton;12131.53079553685
CRYSTAL SUGAR LTCBUB.;858297.0037159999;1226138.5767428607;30;Povazsky cukor a.s.;Trencianska Tepla;SK;Raw Materials;Sweeteners;291183.4265126658
LABEL VKRMLI.;1516.940464;173675.40575532836;6;ZIMMERMANN Druck KG;GLEISDORF;AT;Packaging;Paper & Carton;13053.308811054549
BEEF CUT QLHDIL.;422418.72592199995;30172.766136629005;20 & 34 & 49;GRANDITS GmbH. & OSI Food Solutions Austria GmbH & Co KG & Norbert Marcher GmbH Betriebstaette;KIRCHSCHLAG & Enns & Graz;AT;Raw Materials;Meat;1840050.4728123264
LABEL AIGHZQ.;832.0888679999999;65251.61828638387;6;ZIMMERMANN Druck KG;GLEISDORF;AT;Packaging;Paper & Carton;7160.144521166128
LABEL MEJCSO.;519.600614;35506.91725167719;6;ZIMMERMANN Druck KG;GLEISDORF;AT;Packaging;Paper & Carton;4471.175655154488
GLASS JAR ONBKCK.;556726.0889979999;3483126.882561448;32;VETROPACK AUSTRIA GMBH;POECHLARN;AT;Packaging;Glass;525812.8347833417
LABEL ZVNCYW.;3365.572756;348819.8578753733;6;ZIMMERMANN Druck KG;GLEISDORF;AT;Packaging;Paper & Carton;28960.83369962761
LABEL YZVRGT.;6211.031714000002;735122.3316010734;6;ZIMMERMANN Druck KG;GLEISDORF;AT;Packaging;Paper & Carton;53446.075783561835
LABEL FLCHLN.;1645.9950019999999;153120.68803700648;27;MARZEK ETIKETTEN GMBH.;TRAISKIRCHEN;AT;Packaging;Label adhesive;702.4690870997987
LABEL PPXZCP.;540.9352;43797.22009571183;6;ZIMMERMANN Druck KG;GLEISDORF;AT;Packaging;Paper & Carton;4654.760275660729
LABEL XWIXND.;607.77108;60767.537359418624;6;ZIMMERMANN Druck KG;GLEISDORF;AT;Packaging;Paper & Carton;5229.884614422243
BARRELS UMZWOU.;1198551.6467080005;153760.68951355087;8;Ardagh Metal Beverage Manufactur Austria;Enzesfeld-Lindabrunn;AT;Packaging;Barrels;663045.7211116778
LABEL IZSWNO.;1369.610814;158224.70646244194;6;ZIMMERMANN Druck KG;GLEISDORF;AT;Packaging;Paper & Carton;11785.53366488732
LABEL EKOCPX.;1015.529797;71068.28450010563;27;MARZEK ETIKETTEN GMBH.;TRAISKIRCHEN;AT;Packaging;Label adhesive;433.4024638923138
LABEL LUJPNO.;2238.190263;156090.49562835065;6;ZIMMERMANN Druck KG;GLEISDORF;AT;Packaging;Paper & Carton;19259.68050439875
SELF-ADHESIVE LABELS GSXPKZ;24.60601;204.6306569213379;27;MARZEK ETIKETTEN GMBH.;TRAISKIRCHEN;AT;Packaging;Label adhesive;10.501223491484525
LABEL-SELIAS;2123.582044;174114.17282366686;6;ZIMMERMANN Druck KG;GLEISDORF;AT;Packaging;Paper & Carton;18273.474051083413
PLASTIC BOTTLES ARE PLEBT.;203468.301765;1668881.055367037;11;Greiner Packaging Wartberg;Wartberg an der Krems;AT;Raw Materials;Flour & Grain;87825.22800340946
LABEL GVPCCQ.;4661.209771999998;577127.1038034359;6;ZIMMERMANN Druck KG;GLEISDORF;AT;Packaging;Paper & Carton;40109.82107140966
BARREL ZRCIJS.;6947.9286170000005;882.4276489666838;8;Ardagh Metal Beverage Manufactur Austria;Enzesfeld-Lindabrunn;AT;Packaging;Barrels;3843.634400523724
LABEL EVGCRP.;13370.403438;921803.3822749992;27;MARZEK ETIKETTEN GMBH.;TRAISKIRCHEN;AT;Packaging;Label adhesive;5706.150435351
LABEL LTVEPQ.;2931.40065;325754.70732547634;6;ZIMMERMANN Druck KG;GLEISDORF;AT;Packaging;Paper & Carton;25224.772389864887
LABEL MEFNDT.;1158.586956;96387.80213390557;6;ZIMMERMANN Druck KG;GLEISDORF;AT;Packaging;Paper & Carton;9969.668342321753
TOMATO FHQCQU.;972.197186;;9;GETRA Logistics Austria GmbH & Co. KG;Salzburg;AT;Raw Materials;Fruit. Berry & Vegetable;390.4701496988615
LABEL UCDXPR.;39360.910753;4261746.010040014;27;MARZEK ETIKETTEN GMBH.;TRAISKIRCHEN;AT;Packaging;Label adhesive;16798.242406860332
LABEL AAOMTW.;1669.625279;137506.97634179244;27;MARZEK ETIKETTEN GMBH.;TRAISKIRCHEN;AT;Packaging;Label adhesive;712.5538923950371
LABEL HBHHIU.;270.164187;24022.269339878243;6;ZIMMERMANN Druck KG;GLEISDORF;AT;Packaging;Paper & Carton;2324.769261741105
LABEL CGTYDE.;251.51032;19543.919190378805;6;ZIMMERMANN Druck KG;GLEISDORF;AT;Packaging;Paper & Carton;2164.2522920577517
LABEL YUAAFW.;3921.829067000001;457665.4542346126;27;MARZEK ETIKETTEN GMBH.;TRAISKIRCHEN;AT;Packaging;Label adhesive;1673.7375758185601
LABEL XZKXEF.;345.826728;26191.492783042417;6;ZIMMERMANN Druck KG;GLEISDORF;AT;Packaging;Paper & Carton;2975.847228570313
TOMATO EYE.;10401.800464;;9;GETRA Logistics Austria GmbH & Co. KG;Salzburg;AT;Raw Materials;Fruit. Berry & Vegetable;4177.74567012146
SELF-ADHESIVE LABELS DMIODR;1241.4501050000001;10533.5706443941;27;MARZEK ETIKETTEN GMBH.;TRAISKIRCHEN;AT;Packaging;Label adhesive;529.8195443361981
ALUMINUM BFUUFZ.;18975.024837;6024.8483701788755;36;Crown Commercial Polska Sp.z.o.o.;Goleniow;PL;Packaging;Metal;98004.60639296717
WAREHOUSE CONSUMERS YJQDDI.;77202.51722000001;142206.75566;5 & 41;CORETH Kunststoffverarb. GmbH & HNAT GmbH;UNTERWALTERSDORF & Himberg;AT;Packaging;Plastic;130799.11225188791
SPICES UOGHUJ.;147.978319;213.8583812;49;Norbert Marcher GmbH Betriebstaette;Graz;AT;Raw Materials;Seasoning & Additives;97.32741371400445
BARREL QJYMLRR.;5339.9429740000005;639.8151412938189;8;Ardagh Metal Beverage Manufactur Austria;Enzesfeld-Lindabrunn;AT;Packaging;Barrels;2954.08741844035
CUCUMBER HBPLSL.;109592.721344;463963.92746571905;46;Mamminger Konserven GmbH;Mamming;DE;Raw Materials;Fruit. Berry & Vegetable;44016.46798131886
SELF-ADHESIVE LABELS LFPWMN;2775.960168;24430.75828676121;27;MARZEK ETIKETTEN GMBH.;TRAISKIRCHEN;AT;Packaging;Label adhesive;1184.709675710403
FEGOKK LABEL;892.0999139999999;5665.095839174803;6;ZIMMERMANN Druck KG;GLEISDORF;AT;Packaging;Paper & Carton;7676.541000858425
LABEL WZETKY.;9030.349952000002;973228.1792070805;6;ZIMMERMANN Druck KG;GLEISDORF;AT;Packaging;Paper & Carton;77706.37634948581
LABEL JOFFER.;1000.892321;78322.22280329147;6;ZIMMERMANN Druck KG;GLEISDORF;AT;Packaging;Paper & Carton;8612.702253439353
LABEL LLFDYE.;1036.380345;85247.23167145363;6;ZIMMERMANN Druck KG;GLEISDORF;AT;Packaging;Paper & Carton;8918.077544928785
LABEL WKNEZD.;516.2731769999999;37863.057744514896;27;MARZEK ETIKETTEN GMBH.;TRAISKIRCHEN;AT;Packaging;Label adhesive;220.33235028091704
GLASS JAR YUYLCY.;148352.385497;942081.1151549008;32;VETROPACK AUSTRIA GMBH;POECHLARN;AT;Packaging;Glass;140114.84266067678
METAL // TSETHX;105913.04609600003;1260342.2150303877;36;Crown Commercial Polska Sp.z.o.o.;Goleniow;PL;Packaging;Metal;547033.0860531179
SELF-ADHESIVE LABELS IEPWRG;34636.546348;345535.788738631;27;MARZEK ETIKETTEN GMBH.;TRAISKIRCHEN;AT;Packaging;Label adhesive;14782.003021762172
CUCUMBER VOMRHG.;72003.91684199999;45002.448027900005;9 & 33;GETRA Logistics Austria GmbH & Co. KG & Mayr & Holzinger OG;Salzburg & Ansfelden;AT;Raw Materials;Fruit. Berry & Vegetable;28919.421484727598
SELF-ADHESIVE LABELS HKZCXP;75.817418;648.2059305075047;27;MARZEK ETIKETTEN GMBH.;TRAISKIRCHEN;AT;Packaging;Label adhesive;32.356958765980416
LABEL VISYVT.;310.937978;29934.791657912632;6;ZIMMERMANN Druck KG;GLEISDORF;AT;Packaging;Paper & Carton;2675.628704119587
LABEL SDFGGN.;1739.3022119999996;142351.44832870824;6;ZIMMERMANN Druck KG;GLEISDORF;AT;Packaging;Paper & Carton;14966.736947025141
LABEL QWSAHH.;425.80821399999996;32962.49011416838;6;ZIMMERMANN Druck KG;GLEISDORF;AT;Packaging;Paper & Carton;3664.0898199585504
RICE DBEZDE.;270385.56160200003;389389.9513404;18;MASSBERG Karl W.K. GmbH.& Co KG;Hamburg;DE;Raw Materials;Fruit. Berry & Vegetable;108596.78698467628
METAL // NUUIIMS;4812.122353000002;47627.96878118661;36;Crown Commercial Polska Sp.z.o.o.;Goleniow;PL;Packaging;Metal;24854.25769777948
ALUMINUM LMVWMB.;7660.885238000002;2432.443295668766;36;Crown Commercial Polska Sp.z.o.o.;Goleniow;PL;Packaging;Metal;39567.908280566255
LABEL FIKJOG.;1942.089237;188715.0201326699;6;ZIMMERMANN Druck KG;GLEISDORF;AT;Packaging;Paper & Carton;16711.724125506815
TOMATO LJTZDU.;266006.919405;3262668.4545179633;9 & 26;GETRA Logistics Austria GmbH & Co. KG & D.NOMIKOS S.A.;Salzburg & Athens;AT & GR;Raw Materials;Fruit. Berry & Vegetable;106838.1632211424
SELF-ADHESIVE LABELS CGMLGF;1358.558913;12433.11571032693;27;MARZEK ETIKETTEN GMBH.;TRAISKIRCHEN;AT;Packaging;Label adhesive;579.7986252855006
LABEL JEATKW.;1610.251968;118762.57221697162;6;ZIMMERMANN Druck KG;GLEISDORF;AT;Packaging;Paper & Carton;13856.256524720358
LABEL IRPTTM.;2448.273465;307534.1275413028;27;MARZEK ETIKETTEN GMBH.;TRAISKIRCHEN;AT;Packaging;Label adhesive;1044.861268618367
LABEL BFAIDH.;2589.653809;241756.25555253183;27;MARZEK ETIKETTEN GMBH.;TRAISKIRCHEN;AT;Packaging;Label adhesive;1105.1988280051573
LABEL URFTRM;922.963248;84922.4059608742;6;ZIMMERMANN Druck KG;GLEISDORF;AT;Packaging;Paper & Carton;7942.120724784044
LABEL ZWBBLOZ.;11215.070018999999;777116.1652226085;27;MARZEK ETIKETTEN GMBH.;TRAISKIRCHEN;AT;Packaging;Label adhesive;4786.308578358157
ALUMINUM NIRYZL.;2106.045704;668.7003645895635;36;Crown Commercial Polska Sp.z.o.o.;Goleniow;PL;Packaging;Metal;10877.571019756944
BEEF CUT KISSING;82209.000837;6850.7500692;49;Norbert Marcher GmbH Betriebstaette;Graz;AT;Raw Materials;Meat;358101.3377884263
LABEL JENZLT.;983.3983710000001;76136.06453401611;6;ZIMMERMANN Druck KG;GLEISDORF;AT;Packaging;Paper & Carton;8462.166397158611
LABEL MGUMJX.;1249.148045;152045.57026794908;27;MARZEK ETIKETTEN GMBH.;TRAISKIRCHEN;AT;Packaging;Label adhesive;533.1048306692539
METAL CLOSURE SKJYKN;283114.632985;2354103.352995186;36;Crown Commercial Polska Sp.z.o.o.;Goleniow;PL;Packaging;Metal;1462266.2372320287
LABEL ELXUNW.;454.837006;35618.879115153155;6;ZIMMERMANN Druck KG;GLEISDORF;AT;Packaging;Paper & Carton;3913.8832662937457
PLASTIC BOTTLES AIDTIS.;55284.39699999999;441350.25944000675;11;Greiner Packaging Wartberg;Wartberg an der Krems;AT;Raw Materials;Flour & Grain;23863.00337417575
LABEL ZEOYVC.;840.5279400000001;82709.35296243672;6;ZIMMERMANN Druck KG;GLEISDORF;AT;Packaging;Paper & Carton;7232.762936660334
LABEL VTPMEG.;489.81165;32865.60937102931;6;ZIMMERMANN Druck KG;GLEISDORF;AT;Packaging;Paper & Carton;4214.840910659606
LABEL SUTEBZ.;6345.0938959999985;496887.4862386607;27;MARZEK ETIKETTEN GMBH.;TRAISKIRCHEN;AT;Packaging;Label adhesive;2707.9257903394437
CUCUMBER XAGJAD.;137590.402879;114658.669066;33;Mayr & Holzinger OG;Ansfelden;AT;Raw Materials;Fruit. Berry & Vegetable;55261.366709294096
LABEL SCCBUL.;230.29082999999997;25477.240026148556;6;ZIMMERMANN Druck KG;GLEISDORF;AT;Packaging;Paper & Carton;1981.6580753719447
LABEL GOUBVN;2550.111743;213359.43755881398;27;MARZEK ETIKETTEN GMBH.;TRAISKIRCHEN;AT;Packaging;Label adhesive;1088.3232731150702
SELF-ADHESIVE LABELS YMVOWD;2618.885501;25688.70746033208;27;MARZEK ETIKETTEN GMBH.;TRAISKIRCHEN;AT;Packaging;Label adhesive;1117.6741757241189
LABEL RUZFWL.;578.92224;39947.61060820713;6;ZIMMERMANN Druck KG;GLEISDORF;AT;Packaging;Paper & Carton;4981.639659331703
METAL / / TRMQWN;11742.486569;103800.91974541152;36;Crown Commercial Polska Sp.z.o.o.;Goleniow;PL;Packaging;Metal;60649.07867870257
LABEL YKFFDA.;88.51115;8553.208243365481;27;MARZEK ETIKETTEN GMBH.;TRAISKIRCHEN;AT;Packaging;Label adhesive;37.77432292510287
LABEL SEVZQU.;2404.042702;157367.94010173195;6;ZIMMERMANN Druck KG;GLEISDORF;AT;Packaging;Paper & Carton;20686.844690938367
RICE JLTSDB.;20920.94199;32805.572151;18;MASSBERG Karl W.K. GmbH.& Co KG;Hamburg;DE;Raw Materials;Flour & Grain;9030.332903844555
LABEL FQGMMP.;1340.686776;85846.61779289151;6;ZIMMERMANN Druck KG;GLEISDORF;AT;Packaging;Paper & Carton;11536.641629216318
LABEL EXIKYV.;5819.916104;583231.0880904497;6;ZIMMERMANN Druck KG;GLEISDORF;AT;Packaging;Paper & Carton;50080.51664705376
LABEL VZVUWZ.;12009.24644;1244667.7284864106;6;ZIMMERMANN Druck KG;GLEISDORF;AT;Packaging;Paper & Carton;103339.85155621603
LABEL BFIXLJ.;1300.7906269999999;126994.7779068266;27;MARZEK ETIKETTEN GMBH.;TRAISKIRCHEN;AT;Packaging;Label adhesive;555.1445801149915
CORN TCPVKB.;136743.19037;723632.7704294785;19;GLOBUS Konserven- u. Tiefk.prod. Gm;WIEN;AT;Raw Materials;Fruit. Berry & Vegetable;54921.09500312195
LABEL LOAHUO.;4970.13681;331105.37901301554;27;MARZEK ETIKETTEN GMBH.;TRAISKIRCHEN;AT;Packaging;Label adhesive;2121.1288390545224
WAREHOUSE CONSUMERS ZWMOHV.;13575.976600000002;18633.885785;5;CORETH Kunststoffverarb. GmbH;UNTERWALTERSDORF;AT;Packaging;Plastic;23000.87809536327
LABEL XLPAYC.;2961.936581;285231.5687990394;6;ZIMMERMANN Druck KG;GLEISDORF;AT;Packaging;Paper & Carton;25487.534803180042
LABEL WGWLRV.;1877.467477;156446.21969604306;6;ZIMMERMANN Druck KG;GLEISDORF;AT;Packaging;Paper & Carton;16155.652342063473
LABEL WTLAYD.;1843.2975600000002;136108.92176950903;6;ZIMMERMANN Druck KG;GLEISDORF;AT;Packaging;Paper & Carton;15861.619392693156
ALUMINUM TZKMVV.;5619.323335;1784.2174822668726;36;Crown Commercial Polska Sp.z.o.o.;Goleniow;PL;Packaging;Metal;29023.39134585084
BEAN ZBBLVG.;229580.97259400005;6942.411634117795;48 & 9 & 46;Greenyard Prepare Belgium nv & GETRA Logistics Austria GmbH & Co. KG & Mamminger Konserven GmbH;Bree & Salzburg & Mamming;BE & AT & DE;Raw Materials;Fruit. Berry & Vegetable;92208.16314601987
METAL / / XIHUCK;4834.482278;41019.64549417151;36;Crown Commercial Polska Sp.z.o.o.;Goleniow;PL;Packaging;Metal;24969.74506432712
PLASTIC BOTTLES RRMWYF.;1748.208675;16417.20918318302;11;Greiner Packaging Wartberg;Wartberg an der Krems;AT;Packaging;Plastic;2961.8741843538196
LABEL ZVSNJJ.;313.5531;24371.068505133364;6;ZIMMERMANN Druck KG;GLEISDORF;AT;Packaging;Paper & Carton;2698.131891195611
LABEL WICJDR.;778.711724;54935.61042002304;6;ZIMMERMANN Druck KG;GLEISDORF;AT;Packaging;Paper & Carton;6700.83292613696
LABEL CFQODJ.;472.87455;36501.99033950474;6;ZIMMERMANN Druck KG;GLEISDORF;AT;Packaging;Paper & Carton;4069.0967618874556
LABEL XVOCUC.;66670.758265;5511908.169402983;27;MARZEK ETIKETTEN GMBH.;TRAISKIRCHEN;AT;Packaging;Label adhesive;28453.395446376882
LABEL HJOTZN.;1027.95906;71345.54327111534;6;ZIMMERMANN Druck KG;GLEISDORF;AT;Packaging;Paper & Carton;8845.612186993088
LABEL NRGUTC.;1473.9798150000001;144009.17257329726;27;MARZEK ETIKETTEN GMBH.;TRAISKIRCHEN;AT;Packaging;Label adhesive;629.0573505924779
LABELS ATZHOY.;1365.579293;154799.18172133926;6;ZIMMERMANN Druck KG;GLEISDORF;AT;Packaging;Paper & Carton;11750.842330691852
LABEL JEYUSH.;20439.879123;1620696.9819341516;27;MARZEK ETIKETTEN GMBH.;TRAISKIRCHEN;AT;Packaging;Label adhesive;8723.224074506663
BEARING CONSUMERS BPMPK.;8275.6235;551.7082333500001;41;HNAT GmbH;Himberg;AT;Packaging;Plastic;14020.840849609558
LABEL KAZGBD.;1382.201184;156507.75703572648;6;ZIMMERMANN Druck KG;GLEISDORF;AT;Packaging;Paper & Carton;11893.874098513881
LABEL PJZCCY.;6974.905499999999;449069.69897607475;6;ZIMMERMANN Druck KG;GLEISDORF;AT;Packaging;Paper & Carton;60019.22789991764
LABEL SHQKNF.;1008.308097;83327.84019369223;6;ZIMMERMANN Druck KG;GLEISDORF;AT;Packaging;Paper & Carton;8676.51518248889
LABEL DNPZQJ.;2443.929345;193905.82340222364;27;MARZEK ETIKETTEN GMBH.;TRAISKIRCHEN;AT;Packaging;Label adhesive;1043.0073079399053
STOCK CONSUMERS FSYHFW.;435776.44674500026;672602.0598349997;5;CORETH Kunststoffverarb. GmbH;UNTERWALTERSDORF;AT;Packaging;Plastic;738307.1747790368
LABEL IQPZBU.;171.442192;14940.281170096712;6;ZIMMERMANN Druck KG;GLEISDORF;AT;Packaging;Paper & Carton;1475.2641441965686
SELF-ADHESIVE LABELS KCQFOQ;1594.6723700000002;14835.854398932916;27;MARZEK ETIKETTEN GMBH.;TRAISKIRCHEN;AT;Packaging;Label adhesive;680.5658842317509
SELF-ADHESIVE LABELS KZJTGU;2062.267177;25254.210340437323;27;MARZEK ETIKETTEN GMBH.;TRAISKIRCHEN;AT;Packaging;Label adhesive;880.1235358690774
BEEF CUT KXKQRB.;10924.92161;993.1746919;20;GRANDITS GmbH.;KIRCHSCHLAG;AT;Raw Materials;Meat;47588.816357611075
LABEL GQLFKP.;1115.296689;110385.15802850408;6;ZIMMERMANN Druck KG;GLEISDORF;AT;Packaging;Paper & Carton;9597.154564046004
LABEL UYWNDR.;11226.576049999998;904874.2252926616;6;ZIMMERMANN Druck KG;GLEISDORF;AT;Packaging;Paper & Carton;96604.95421489327
SELF-ADHESIVE LABELS EMIHWE;114.611846;917.280774876088;27;MARZEK ETIKETTEN GMBH.;TRAISKIRCHEN;AT;Packaging;Label adhesive;48.91344064387549
PRESERVED VEGETABLES EZRKOT.;7888.244522;64512.93814126499;46;Mamminger Konserven GmbH;Mamming;DE;Raw Materials;Fruit. Berry & Vegetable;3168.2091490507196
PROCESSED PORK ZMDZXA.;145421.896604;279672.91429;44;Tulip Food Company GmbH;Hamburg;DE;Raw Materials;Meat;633455.8891048429
LABEL UNFMHA.;5774.510859;477210.99224168295;27;MARZEK ETIKETTEN GMBH.;TRAISKIRCHEN;AT;Packaging;Label adhesive;2464.415363740943
SELF-ADHESIVE LABELS FAEUXO;2442.423059;27369.936149181878;27;MARZEK ETIKETTEN GMBH.;TRAISKIRCHEN;AT;Packaging;Label adhesive;1042.3644631256468
LABEL YNQUPW.;819.135326;67489.97993940263;27;MARZEK ETIKETTEN GMBH.;TRAISKIRCHEN;AT;Packaging;Label adhesive;349.58626482294505
ESTABLISH LABEL DEPENDENCE;1550.017508;984.3065330929843;27;MARZEK ETIKETTEN GMBH.;TRAISKIRCHEN;AT;Packaging;Label adhesive;661.5083171640548
LABEL VMHQOM.;2212.568325;151951.96981311118;27;MARZEK ETIKETTEN GMBH.;TRAISKIRCHEN;AT;Packaging;Label adhesive;944.268269053153
METAL / / RVPCRQ;4382.925906;43516.435426118565;36;Crown Commercial Polska Sp.z.o.o.;Goleniow;PL;Packaging;Metal;22637.489645309022
METAL / / LNUMCA;32490.420280000002;377566.99650739646;36;Crown Commercial Polska Sp.z.o.o.;Goleniow;PL;Packaging;Metal;167810.62888911137
METAL / / BVJVHH;6068.488306;67082.45261675362;36;Crown Commercial Polska Sp.z.o.o.;Goleniow;PL;Packaging;Metal;31343.295354752427